stem	back	front	log_odds_back	stem_freq	language	log_odds_adj	transcription	trial_type	target	prompt	stimulus	choices
koncert	69	510521	-8.909080547284567	510590	de	-8.894693768613832	koncert	pl	koncertok	<p>Ez egy koncert. Azok ott koncertok.</p><p><span style=""font-size:24px; color:red;"">nem: ""f""</span>&emsp;<span style=""font-size:24px; color:green;"">igen: ""j""</span></p>	<p style=""font-size:48px;"">koncertok</p>	
koncert	69	510521	-8.909080547284567	510590	de	-8.894693768613832	koncert	dat	koncertnak	<p>Ez egy koncert. Elneveztem a kutyámat koncertnak.</p><p><span style=""font-size:24px; color:red;"">nem: ""f""</span>&emsp;<span style=""font-size:24px; color:green;"">igen: ""j""</span></p>	<p style=""font-size:48px;"">koncertnak</p>	
docens	6	29878	-8.513118233374207	29884	la	-8.35900102242926	docenš	pl	docensok	<p>Ez egy docens. Azok ott docensok.</p><p><span style=""font-size:24px; color:red;"">nem: ""f""</span>&emsp;<span style=""font-size:24px; color:green;"">igen: ""j""</span></p>	<p style=""font-size:48px;"">docensok</p>	
docens	6	29878	-8.513118233374207	29884	la	-8.35900102242926	docenš	dat	docensnak	<p>Ez egy docens. Elneveztem a kutyámat docensnak.</p><p><span style=""font-size:24px; color:red;"">nem: ""f""</span>&emsp;<span style=""font-size:24px; color:green;"">igen: ""j""</span></p>	<p style=""font-size:48px;"">docensnak</p>	
projekt	193	704053	-8.201918727492497	704246	en	-8.196752177680663	projekt	pl	projektok	<p>Ez egy projekt. Azok ott projektok.</p><p><span style=""font-size:24px; color:red;"">nem: ""f""</span>&emsp;<span style=""font-size:24px; color:green;"">igen: ""j""</span></p>	<p style=""font-size:48px;"">projektok</p>	
projekt	193	704053	-8.201918727492497	704246	en	-8.196752177680663	projekt	dat	projektnak	<p>Ez egy projekt. Elneveztem a kutyámat projektnak.</p><p><span style=""font-size:24px; color:red;"">nem: ""f""</span>&emsp;<span style=""font-size:24px; color:green;"">igen: ""j""</span></p>	<p style=""font-size:48px;"">projektnak</p>	
szovjet	8	31869	-8.289947487768288	31877	ru	-8.172195830075163	sovjet	pl	szovjetok	<p>Ez egy szovjet. Azok ott szovjetok.</p><p><span style=""font-size:24px; color:red;"">nem: ""f""</span>&emsp;<span style=""font-size:24px; color:green;"">igen: ""j""</span></p>	<p style=""font-size:48px;"">szovjetok</p>	
szovjet	8	31869	-8.289947487768288	31877	ru	-8.172195830075163	sovjet	dat	szovjetnak	<p>Ez egy szovjet. Elneveztem a kutyámat szovjetnak.</p><p><span style=""font-size:24px; color:red;"">nem: ""f""</span>&emsp;<span style=""font-size:24px; color:green;"">igen: ""j""</span></p>	<p style=""font-size:48px;"">szovjetnak</p>	
szoftver	61	191360	-8.051037885571093	191421	en	-8.034782590438166	softver	pl	szoftverok	<p>Ez egy szoftver. Azok ott szoftverok.</p><p><span style=""font-size:24px; color:red;"">nem: ""f""</span>&emsp;<span style=""font-size:24px; color:green;"">igen: ""j""</span></p>	<p style=""font-size:48px;"">szoftverok</p>	
szoftver	61	191360	-8.051037885571093	191421	en	-8.034782590438166	softver	dat	szoftvernak	<p>Ez egy szoftver. Elneveztem a kutyámat szoftvernak.</p><p><span style=""font-size:24px; color:red;"">nem: ""f""</span>&emsp;<span style=""font-size:24px; color:green;"">igen: ""j""</span></p>	<p style=""font-size:48px;"">szoftvernak</p>	
kódex	19	48210	-7.838882768233227	48229	la	-7.787610216215079	kódex	pl	kódexok	<p>Ez egy kódex. Azok ott kódexok.</p><p><span style=""font-size:24px; color:red;"">nem: ""f""</span>&emsp;<span style=""font-size:24px; color:green;"">igen: ""j""</span></p>	<p style=""font-size:48px;"">kódexok</p>	
kódex	19	48210	-7.838882768233227	48229	la	-7.787610216215079	kódex	dat	kódexnak	<p>Ez egy kódex. Elneveztem a kutyámat kódexnak.</p><p><span style=""font-size:24px; color:red;"">nem: ""f""</span>&emsp;<span style=""font-size:24px; color:green;"">igen: ""j""</span></p>	<p style=""font-size:48px;"">kódexnak</p>	
modell	231	523157	-7.725219178681491	523388	en	-7.720901429007229	modell	pl	modellok	<p>Ez egy modell. Azok ott modellok.</p><p><span style=""font-size:24px; color:red;"">nem: ""f""</span>&emsp;<span style=""font-size:24px; color:green;"">igen: ""j""</span></p>	<p style=""font-size:48px;"">modellok</p>	
modell	231	523157	-7.725219178681491	523388	en	-7.720901429007229	modell	dat	modellnak	<p>Ez egy modell. Elneveztem a kutyámat modellnak.</p><p><span style=""font-size:24px; color:red;"">nem: ""f""</span>&emsp;<span style=""font-size:24px; color:green;"">igen: ""j""</span></p>	<p style=""font-size:48px;"">modellnak</p>	
konszern	3	6888	-7.738923757439457	6891	de	-7.451386854473306	konsern	pl	konszernok	<p>Ez egy konszern. Azok ott konszernok.</p><p><span style=""font-size:24px; color:red;"">nem: ""f""</span>&emsp;<span style=""font-size:24px; color:green;"">igen: ""j""</span></p>	<p style=""font-size:48px;"">konszernok</p>	
konszern	3	6888	-7.738923757439457	6891	de	-7.451386854473306	konsern	dat	konszernnak	<p>Ez egy konszern. Elneveztem a kutyámat konszernnak.</p><p><span style=""font-size:24px; color:red;"">nem: ""f""</span>&emsp;<span style=""font-size:24px; color:green;"">igen: ""j""</span></p>	<p style=""font-size:48px;"">konszernnak</p>	
sláger	34	52571	-7.343559391272451	52605	de	-7.314590876112485	šláger	pl	slágerok	<p>Ez egy sláger. Azok ott slágerok.</p><p><span style=""font-size:24px; color:red;"">nem: ""f""</span>&emsp;<span style=""font-size:24px; color:green;"">igen: ""j""</span></p>	<p style=""font-size:48px;"">slágerok</p>	
sláger	34	52571	-7.343559391272451	52605	de	-7.314590876112485	šláger	dat	slágernak	<p>Ez egy sláger. Elneveztem a kutyámat slágernak.</p><p><span style=""font-size:24px; color:red;"">nem: ""f""</span>&emsp;<span style=""font-size:24px; color:green;"">igen: ""j""</span></p>	<p style=""font-size:48px;"">slágernak</p>	
mágnes	10	15983	-7.376695843374607	15993	en	-7.281448228089964	mágneš	pl	mágnesok	<p>Ez egy mágnes. Azok ott mágnesok.</p><p><span style=""font-size:24px; color:red;"">nem: ""f""</span>&emsp;<span style=""font-size:24px; color:green;"">igen: ""j""</span></p>	<p style=""font-size:48px;"">mágnesok</p>	
mágnes	10	15983	-7.376695843374607	15993	en	-7.281448228089964	mágneš	dat	mágnesnak	<p>Ez egy mágnes. Elneveztem a kutyámat mágnesnak.</p><p><span style=""font-size:24px; color:red;"">nem: ""f""</span>&emsp;<span style=""font-size:24px; color:green;"">igen: ""j""</span></p>	<p style=""font-size:48px;"">mágnesnak</p>	
partner	471	655199	-7.237836191251888	655670	en	-7.235716825935441	partner	pl	partnerok	<p>Ez egy partner. Azok ott partnerok.</p><p><span style=""font-size:24px; color:red;"">nem: ""f""</span>&emsp;<span style=""font-size:24px; color:green;"">igen: ""j""</span></p>	<p style=""font-size:48px;"">partnerok</p>	
partner	471	655199	-7.237836191251888	655670	en	-7.235716825935441	partner	dat	partnernak	<p>Ez egy partner. Elneveztem a kutyámat partnernak.</p><p><span style=""font-size:24px; color:red;"">nem: ""f""</span>&emsp;<span style=""font-size:24px; color:green;"">igen: ""j""</span></p>	<p style=""font-size:48px;"">partnernak</p>	
pollen	7	10478	-7.311122950912852	10485	la	-7.177686991795106	pollen	pl	pollenok	<p>Ez egy pollen. Azok ott pollenok.</p><p><span style=""font-size:24px; color:red;"">nem: ""f""</span>&emsp;<span style=""font-size:24px; color:green;"">igen: ""j""</span></p>	<p style=""font-size:48px;"">pollenok</p>	
pollen	7	10478	-7.311122950912852	10485	la	-7.177686991795106	pollen	dat	pollennak	<p>Ez egy pollen. Elneveztem a kutyámat pollennak.</p><p><span style=""font-size:24px; color:red;"">nem: ""f""</span>&emsp;<span style=""font-size:24px; color:green;"">igen: ""j""</span></p>	<p style=""font-size:48px;"">pollennak</p>	
szlogen	25	31893	-7.151266004088514	31918	en	-7.112076645286435	slogen	pl	szlogenok	<p>Ez egy szlogen. Azok ott szlogenok.</p><p><span style=""font-size:24px; color:red;"">nem: ""f""</span>&emsp;<span style=""font-size:24px; color:green;"">igen: ""j""</span></p>	<p style=""font-size:48px;"">szlogenok</p>	
szlogen	25	31893	-7.151266004088514	31918	en	-7.112076645286435	slogen	dat	szlogennak	<p>Ez egy szlogen. Elneveztem a kutyámat szlogennak.</p><p><span style=""font-size:24px; color:red;"">nem: ""f""</span>&emsp;<span style=""font-size:24px; color:green;"">igen: ""j""</span></p>	<p style=""font-size:48px;"">szlogennak</p>	
bukfenc	3	3841	-7.154875739677795	3844	de	-6.867453982208612	bukfenc	pl	bukfencok	<p>Ez egy bukfenc. Azok ott bukfencok.</p><p><span style=""font-size:24px; color:red;"">nem: ""f""</span>&emsp;<span style=""font-size:24px; color:green;"">igen: ""j""</span></p>	<p style=""font-size:48px;"">bukfencok</p>	
bukfenc	3	3841	-7.154875739677795	3844	de	-6.867453982208612	bukfenc	dat	bukfencnak	<p>Ez egy bukfenc. Elneveztem a kutyámat bukfencnak.</p><p><span style=""font-size:24px; color:red;"">nem: ""f""</span>&emsp;<span style=""font-size:24px; color:green;"">igen: ""j""</span></p>	<p style=""font-size:48px;"">bukfencnak</p>	
hosztesz	0	898	-Inf	898	NA	-6.80128303447162	hostes	pl	hoszteszok	<p>Ez egy hosztesz. Azok ott hoszteszok.</p><p><span style=""font-size:24px; color:red;"">nem: ""f""</span>&emsp;<span style=""font-size:24px; color:green;"">igen: ""j""</span></p>	<p style=""font-size:48px;"">hoszteszok</p>	
hosztesz	0	898	-Inf	898	NA	-6.80128303447162	hostes	dat	hosztesznak	<p>Ez egy hosztesz. Elneveztem a kutyámat hosztesznak.</p><p><span style=""font-size:24px; color:red;"">nem: ""f""</span>&emsp;<span style=""font-size:24px; color:green;"">igen: ""j""</span></p>	<p style=""font-size:48px;"">hosztesznak</p>	
ágens	7	7110	-6.923347373741973	7117	la	-6.789956618203682	ágenš	pl	ágensok	<p>Ez egy ágens. Azok ott ágensok.</p><p><span style=""font-size:24px; color:red;"">nem: ""f""</span>&emsp;<span style=""font-size:24px; color:green;"">igen: ""j""</span></p>	<p style=""font-size:48px;"">ágensok</p>	
ágens	7	7110	-6.923347373741973	7117	la	-6.789956618203682	ágenš	dat	ágensnak	<p>Ez egy ágens. Elneveztem a kutyámat ágensnak.</p><p><span style=""font-size:24px; color:red;"">nem: ""f""</span>&emsp;<span style=""font-size:24px; color:green;"">igen: ""j""</span></p>	<p style=""font-size:48px;"">ágensnak</p>	
gólem	1	1736	-7.459338895220296	1737	yi	-6.766767585681159	gólem	pl	gólemok	<p>Ez egy gólem. Azok ott gólemok.</p><p><span style=""font-size:24px; color:red;"">nem: ""f""</span>&emsp;<span style=""font-size:24px; color:green;"">igen: ""j""</span></p>	<p style=""font-size:48px;"">gólemok</p>	
gólem	1	1736	-7.459338895220296	1737	yi	-6.766767585681159	gólem	dat	gólemnak	<p>Ez egy gólem. Elneveztem a kutyámat gólemnak.</p><p><span style=""font-size:24px; color:red;"">nem: ""f""</span>&emsp;<span style=""font-size:24px; color:green;"">igen: ""j""</span></p>	<p style=""font-size:48px;"">gólemnak</p>	
totem	2	2021	-6.918200536843676	2023	en	-6.513230110912307	totem	pl	totemok	<p>Ez egy totem. Azok ott totemok.</p><p><span style=""font-size:24px; color:red;"">nem: ""f""</span>&emsp;<span style=""font-size:24px; color:green;"">igen: ""j""</span></p>	<p style=""font-size:48px;"">totemok</p>	
totem	2	2021	-6.918200536843676	2023	en	-6.513230110912307	totem	dat	totemnak	<p>Ez egy totem. Elneveztem a kutyámat totemnak.</p><p><span style=""font-size:24px; color:red;"">nem: ""f""</span>&emsp;<span style=""font-size:24px; color:green;"">igen: ""j""</span></p>	<p style=""font-size:48px;"">totemnak</p>	
drukker	27	18506	-6.530013416804646	18533	de	-6.493699807702544	drukker	pl	drukkerok	<p>Ez egy drukker. Azok ott drukkerok.</p><p><span style=""font-size:24px; color:red;"">nem: ""f""</span>&emsp;<span style=""font-size:24px; color:green;"">igen: ""j""</span></p>	<p style=""font-size:48px;"">drukkerok</p>	
drukker	27	18506	-6.530013416804646	18533	de	-6.493699807702544	drukker	dat	drukkernak	<p>Ez egy drukker. Elneveztem a kutyámat drukkernak.</p><p><span style=""font-size:24px; color:red;"">nem: ""f""</span>&emsp;<span style=""font-size:24px; color:green;"">igen: ""j""</span></p>	<p style=""font-size:48px;"">drukkernak</p>	
nonszensz	2	1980	-6.897704943128636	1982	en	-6.492744758030441	nonsens	pl	nonszenszok	<p>Ez egy nonszensz. Azok ott nonszenszok.</p><p><span style=""font-size:24px; color:red;"">nem: ""f""</span>&emsp;<span style=""font-size:24px; color:green;"">igen: ""j""</span></p>	<p style=""font-size:48px;"">nonszenszok</p>	
nonszensz	2	1980	-6.897704943128636	1982	en	-6.492744758030441	nonsens	dat	nonszensznak	<p>Ez egy nonszensz. Elneveztem a kutyámat nonszensznak.</p><p><span style=""font-size:24px; color:red;"">nem: ""f""</span>&emsp;<span style=""font-size:24px; color:green;"">igen: ""j""</span></p>	<p style=""font-size:48px;"">nonszensznak</p>	
lumen	2	1760	-6.779921907472252	1762	la	-6.375024819828097	lumen	pl	lumenok	<p>Ez egy lumen. Azok ott lumenok.</p><p><span style=""font-size:24px; color:red;"">nem: ""f""</span>&emsp;<span style=""font-size:24px; color:green;"">igen: ""j""</span></p>	<p style=""font-size:48px;"">lumenok</p>	
lumen	2	1760	-6.779921907472252	1762	la	-6.375024819828097	lumen	dat	lumennak	<p>Ez egy lumen. Elneveztem a kutyámat lumennak.</p><p><span style=""font-size:24px; color:red;"">nem: ""f""</span>&emsp;<span style=""font-size:24px; color:green;"">igen: ""j""</span></p>	<p style=""font-size:48px;"">lumennak</p>	
token	6	3934	-6.48565252972095	3940	en	-6.33175601179619	token	pl	tokenok	<p>Ez egy token. Azok ott tokenok.</p><p><span style=""font-size:24px; color:red;"">nem: ""f""</span>&emsp;<span style=""font-size:24px; color:green;"">igen: ""j""</span></p>	<p style=""font-size:48px;"">tokenok</p>	
token	6	3934	-6.48565252972095	3940	en	-6.33175601179619	token	dat	tokennak	<p>Ez egy token. Elneveztem a kutyámat tokennak.</p><p><span style=""font-size:24px; color:red;"">nem: ""f""</span>&emsp;<span style=""font-size:24px; color:green;"">igen: ""j""</span></p>	<p style=""font-size:48px;"">tokennak</p>	
duett	20	11632	-6.3657829262193095	11652	it	-6.317078728093343	duett	pl	duettok	<p>Ez egy duett. Azok ott duettok.</p><p><span style=""font-size:24px; color:red;"">nem: ""f""</span>&emsp;<span style=""font-size:24px; color:green;"">igen: ""j""</span></p>	<p style=""font-size:48px;"">duettok</p>	
duett	20	11632	-6.3657829262193095	11652	it	-6.317078728093343	duett	dat	duettnak	<p>Ez egy duett. Elneveztem a kutyámat duettnak.</p><p><span style=""font-size:24px; color:red;"">nem: ""f""</span>&emsp;<span style=""font-size:24px; color:green;"">igen: ""j""</span></p>	<p style=""font-size:48px;"">duettnak</p>	
kortes	0	452	-Inf	452	NA	-6.115892125483034	korteš	pl	kortesok	<p>Ez egy kortes. Azok ott kortesok.</p><p><span style=""font-size:24px; color:red;"">nem: ""f""</span>&emsp;<span style=""font-size:24px; color:green;"">igen: ""j""</span></p>	<p style=""font-size:48px;"">kortesok</p>	
kortes	0	452	-Inf	452	NA	-6.115892125483034	korteš	dat	kortesnak	<p>Ez egy kortes. Elneveztem a kutyámat kortesnak.</p><p><span style=""font-size:24px; color:red;"">nem: ""f""</span>&emsp;<span style=""font-size:24px; color:green;"">igen: ""j""</span></p>	<p style=""font-size:48px;"">kortesnak</p>	
omlett	9	3760	-6.0349496590477205	3769	fr	-5.929855065476291	omlett	pl	omlettok	<p>Ez egy omlett. Azok ott omlettok.</p><p><span style=""font-size:24px; color:red;"">nem: ""f""</span>&emsp;<span style=""font-size:24px; color:green;"">igen: ""j""</span></p>	<p style=""font-size:48px;"">omlettok</p>	
omlett	9	3760	-6.0349496590477205	3769	fr	-5.929855065476291	omlett	dat	omlettnak	<p>Ez egy omlett. Elneveztem a kutyámat omlettnak.</p><p><span style=""font-size:24px; color:red;"">nem: ""f""</span>&emsp;<span style=""font-size:24px; color:green;"">igen: ""j""</span></p>	<p style=""font-size:48px;"">omlettnak</p>	
koffer	668	2175	-1.180495769986139	2843	de	-1.1794595478476049	koffer	pl	kofferok	<p>Ez egy koffer. Azok ott kofferok.</p><p><span style=""font-size:24px; color:red;"">nem: ""f""</span>&emsp;<span style=""font-size:24px; color:green;"">igen: ""j""</span></p>	<p style=""font-size:48px;"">kofferok</p>	
koffer	668	2175	-1.180495769986139	2843	de	-1.1794595478476049	koffer	dat	koffernak	<p>Ez egy koffer. Elneveztem a kutyámat koffernak.</p><p><span style=""font-size:24px; color:red;"">nem: ""f""</span>&emsp;<span style=""font-size:24px; color:green;"">igen: ""j""</span></p>	<p style=""font-size:48px;"">koffernak</p>	
bojler	312	915	-1.075920877466039	1227	en	-1.0738131741339771	bojler	pl	bojlerok	<p>Ez egy bojler. Azok ott bojlerok.</p><p><span style=""font-size:24px; color:red;"">nem: ""f""</span>&emsp;<span style=""font-size:24px; color:green;"">igen: ""j""</span></p>	<p style=""font-size:48px;"">bojlerok</p>	
bojler	312	915	-1.075920877466039	1227	en	-1.0738131741339771	bojler	dat	bojlernak	<p>Ez egy bojler. Elneveztem a kutyámat bojlernak.</p><p><span style=""font-size:24px; color:red;"">nem: ""f""</span>&emsp;<span style=""font-size:24px; color:green;"">igen: ""j""</span></p>	<p style=""font-size:48px;"">bojlernak</p>	
farmer	7287	20249	-1.0220134709289872	27536	en	-1.021925633594891	farmer	pl	farmerok	<p>Ez egy farmer. Azok ott farmerok.</p><p><span style=""font-size:24px; color:red;"">nem: ""f""</span>&emsp;<span style=""font-size:24px; color:green;"">igen: ""j""</span></p>	<p style=""font-size:48px;"">farmerok</p>	
farmer	7287	20249	-1.0220134709289872	27536	en	-1.021925633594891	farmer	dat	farmernak	<p>Ez egy farmer. Elneveztem a kutyámat farmernak.</p><p><span style=""font-size:24px; color:red;"">nem: ""f""</span>&emsp;<span style=""font-size:24px; color:green;"">igen: ""j""</span></p>	<p style=""font-size:48px;"">farmernak</p>	
szkander	139	375	-0.9924520928397192	514	ar	-0.9879467207805903	skander	pl	szkanderok	<p>Ez egy szkander. Azok ott szkanderok.</p><p><span style=""font-size:24px; color:red;"">nem: ""f""</span>&emsp;<span style=""font-size:24px; color:green;"">igen: ""j""</span></p>	<p style=""font-size:48px;"">szkanderok</p>	
szkander	139	375	-0.9924520928397192	514	ar	-0.9879467207805903	skander	dat	szkandernak	<p>Ez egy szkander. Elneveztem a kutyámat szkandernak.</p><p><span style=""font-size:24px; color:red;"">nem: ""f""</span>&emsp;<span style=""font-size:24px; color:green;"">igen: ""j""</span></p>	<p style=""font-size:48px;"">szkandernak</p>	
karcer	36	93	-0.949080554697146	129	la	-0.9323768696257794	karcer	pl	karcerok	<p>Ez egy karcer. Azok ott karcerok.</p><p><span style=""font-size:24px; color:red;"">nem: ""f""</span>&emsp;<span style=""font-size:24px; color:green;"">igen: ""j""</span></p>	<p style=""font-size:48px;"">karcerok</p>	
karcer	36	93	-0.949080554697146	129	la	-0.9323768696257794	karcer	dat	karcernak	<p>Ez egy karcer. Elneveztem a kutyámat karcernak.</p><p><span style=""font-size:24px; color:red;"">nem: ""f""</span>&emsp;<span style=""font-size:24px; color:green;"">igen: ""j""</span></p>	<p style=""font-size:48px;"">karcernak</p>	
fotel	11597	25177	-0.7751844353673116	36774	fr	-0.7751379278898186	fotel	pl	fotelok	<p>Ez egy fotel. Azok ott fotelok.</p><p><span style=""font-size:24px; color:red;"">nem: ""f""</span>&emsp;<span style=""font-size:24px; color:green;"">igen: ""j""</span></p>	<p style=""font-size:48px;"">fotelok</p>	
fotel	11597	25177	-0.7751844353673116	36774	fr	-0.7751379278898186	fotel	dat	fotelnak	<p>Ez egy fotel. Elneveztem a kutyámat fotelnak.</p><p><span style=""font-size:24px; color:red;"">nem: ""f""</span>&emsp;<span style=""font-size:24px; color:green;"">igen: ""j""</span></p>	<p style=""font-size:48px;"">fotelnak</p>	
flanel	73	159	-0.7784447610718404	232	fr	-0.7711087220296571	flanel	pl	flanelok	<p>Ez egy flanel. Azok ott flanelok.</p><p><span style=""font-size:24px; color:red;"">nem: ""f""</span>&emsp;<span style=""font-size:24px; color:green;"">igen: ""j""</span></p>	<p style=""font-size:48px;"">flanelok</p>	
flanel	73	159	-0.7784447610718404	232	fr	-0.7711087220296571	flanel	dat	flanelnak	<p>Ez egy flanel. Elneveztem a kutyámat flanelnak.</p><p><span style=""font-size:24px; color:red;"">nem: ""f""</span>&emsp;<span style=""font-size:24px; color:green;"">igen: ""j""</span></p>	<p style=""font-size:48px;"">flanelnak</p>	
karter	113	232	-0.7193495529539694	345	en	-0.714840005171205	karter	pl	karterok	<p>Ez egy karter. Azok ott karterok.</p><p><span style=""font-size:24px; color:red;"">nem: ""f""</span>&emsp;<span style=""font-size:24px; color:green;"">igen: ""j""</span></p>	<p style=""font-size:48px;"">karterok</p>	
karter	113	232	-0.7193495529539694	345	en	-0.714840005171205	karter	dat	karternak	<p>Ez egy karter. Elneveztem a kutyámat karternak.</p><p><span style=""font-size:24px; color:red;"">nem: ""f""</span>&emsp;<span style=""font-size:24px; color:green;"">igen: ""j""</span></p>	<p style=""font-size:48px;"">karternak</p>	
jampec	183	281	-0.4288685164923248	464	de	-0.4269713133291279	jampec	pl	jampecok	<p>Ez egy jampec. Azok ott jampecok.</p><p><span style=""font-size:24px; color:red;"">nem: ""f""</span>&emsp;<span style=""font-size:24px; color:green;"">igen: ""j""</span></p>	<p style=""font-size:48px;"">jampecok</p>	
jampec	183	281	-0.4288685164923248	464	de	-0.4269713133291279	jampec	dat	jampecnak	<p>Ez egy jampec. Elneveztem a kutyámat jampecnak.</p><p><span style=""font-size:24px; color:red;"">nem: ""f""</span>&emsp;<span style=""font-size:24px; color:green;"">igen: ""j""</span></p>	<p style=""font-size:48px;"">jampecnak</p>	
kóter	222	254	-0.13465688514625712	476	de	-0.13409177369830738	kóter	pl	kóterok	<p>Ez egy kóter. Azok ott kóterok.</p><p><span style=""font-size:24px; color:red;"">nem: ""f""</span>&emsp;<span style=""font-size:24px; color:green;"">igen: ""j""</span></p>	<p style=""font-size:48px;"">kóterok</p>	
kóter	222	254	-0.13465688514625712	476	de	-0.13409177369830738	kóter	dat	kóternak	<p>Ez egy kóter. Elneveztem a kutyámat kóternak.</p><p><span style=""font-size:24px; color:red;"">nem: ""f""</span>&emsp;<span style=""font-size:24px; color:green;"">igen: ""j""</span></p>	<p style=""font-size:48px;"">kóternak</p>	
macesz	117	88	0.28483712031954966	205	yi	0.28204825473352485	maces	pl	maceszok	<p>Ez egy macesz. Azok ott maceszok.</p><p><span style=""font-size:24px; color:red;"">nem: ""f""</span>&emsp;<span style=""font-size:24px; color:green;"">igen: ""j""</span></p>	<p style=""font-size:48px;"">maceszok</p>	
macesz	117	88	0.28483712031954966	205	yi	0.28204825473352485	maces	dat	macesznak	<p>Ez egy macesz. Elneveztem a kutyámat macesznak.</p><p><span style=""font-size:24px; color:red;"">nem: ""f""</span>&emsp;<span style=""font-size:24px; color:green;"">igen: ""j""</span></p>	<p style=""font-size:48px;"">macesznak</p>	
bakter	366	268	0.3116463528905096	634	de	0.3106504684527312	bakter	pl	bakterok	<p>Ez egy bakter. Azok ott bakterok.</p><p><span style=""font-size:24px; color:red;"">nem: ""f""</span>&emsp;<span style=""font-size:24px; color:green;"">igen: ""j""</span></p>	<p style=""font-size:48px;"">bakterok</p>	
bakter	366	268	0.3116463528905096	634	de	0.3106504684527312	bakter	dat	bakternak	<p>Ez egy bakter. Elneveztem a kutyámat bakternak.</p><p><span style=""font-size:24px; color:red;"">nem: ""f""</span>&emsp;<span style=""font-size:24px; color:green;"">igen: ""j""</span></p>	<p style=""font-size:48px;"">bakternak</p>	
sumer	985	684	0.3646837235495385	1669	akk	0.3642375163404102	šumer	pl	sumerok	<p>Ez egy sumer. Azok ott sumerok.</p><p><span style=""font-size:24px; color:red;"">nem: ""f""</span>&emsp;<span style=""font-size:24px; color:green;"">igen: ""j""</span></p>	<p style=""font-size:48px;"">sumerok</p>	
sumer	985	684	0.3646837235495385	1669	akk	0.3642375163404102	šumer	dat	sumernak	<p>Ez egy sumer. Elneveztem a kutyámat sumernak.</p><p><span style=""font-size:24px; color:red;"">nem: ""f""</span>&emsp;<span style=""font-size:24px; color:green;"">igen: ""j""</span></p>	<p style=""font-size:48px;"">sumernak</p>	
klozet	388	185	0.7406495145449485	573	fr	0.737832669905245	klozet	pl	klozetok	<p>Ez egy klozet. Azok ott klozetok.</p><p><span style=""font-size:24px; color:red;"">nem: ""f""</span>&emsp;<span style=""font-size:24px; color:green;"">igen: ""j""</span></p>	<p style=""font-size:48px;"">klozetok</p>	
klozet	388	185	0.7406495145449485	573	fr	0.737832669905245	klozet	dat	klozetnak	<p>Ez egy klozet. Elneveztem a kutyámat klozetnak.</p><p><span style=""font-size:24px; color:red;"">nem: ""f""</span>&emsp;<span style=""font-size:24px; color:green;"">igen: ""j""</span></p>	<p style=""font-size:48px;"">klozetnak</p>	
samesz	484	188	0.9456429438866824	672	yi	0.9424018758778407	šames	pl	sameszok	<p>Ez egy samesz. Azok ott sameszok.</p><p><span style=""font-size:24px; color:red;"">nem: ""f""</span>&emsp;<span style=""font-size:24px; color:green;"">igen: ""j""</span></p>	<p style=""font-size:48px;"">sameszok</p>	
samesz	484	188	0.9456429438866824	672	yi	0.9424018758778407	šames	dat	samesznak	<p>Ez egy samesz. Elneveztem a kutyámat samesznak.</p><p><span style=""font-size:24px; color:red;"">nem: ""f""</span>&emsp;<span style=""font-size:24px; color:green;"">igen: ""j""</span></p>	<p style=""font-size:48px;"">samesznak</p>	
malter	667	222	1.1001126640433443	889	de	1.097116402076527	malter	pl	malterok	<p>Ez egy malter. Azok ott malterok.</p><p><span style=""font-size:24px; color:red;"">nem: ""f""</span>&emsp;<span style=""font-size:24px; color:green;"">igen: ""j""</span></p>	<p style=""font-size:48px;"">malterok</p>	
malter	667	222	1.1001126640433443	889	de	1.097116402076527	malter	dat	malternak	<p>Ez egy malter. Elneveztem a kutyámat malternak.</p><p><span style=""font-size:24px; color:red;"">nem: ""f""</span>&emsp;<span style=""font-size:24px; color:green;"">igen: ""j""</span></p>	<p style=""font-size:48px;"">malternak</p>	
muter	745	102	1.9884114050952884	847	yi	1.979996611974125	muter	pl	muterok	<p>Ez egy muter. Azok ott muterok.</p><p><span style=""font-size:24px; color:red;"">nem: ""f""</span>&emsp;<span style=""font-size:24px; color:green;"">igen: ""j""</span></p>	<p style=""font-size:48px;"">muterok</p>	
muter	745	102	1.9884114050952884	847	yi	1.979996611974125	muter	dat	muternak	<p>Ez egy muter. Elneveztem a kutyámat muternak.</p><p><span style=""font-size:24px; color:red;"">nem: ""f""</span>&emsp;<span style=""font-size:24px; color:green;"">igen: ""j""</span></p>	<p style=""font-size:48px;"">muternak</p>	
kolesz	2920	320	2.211017899468555	3240	hu	2.208240179257725	koles	pl	koleszok	<p>Ez egy kolesz. Azok ott koleszok.</p><p><span style=""font-size:24px; color:red;"">nem: ""f""</span>&emsp;<span style=""font-size:24px; color:green;"">igen: ""j""</span></p>	<p style=""font-size:48px;"">koleszok</p>	
kolesz	2920	320	2.211017899468555	3240	hu	2.208240179257725	koles	dat	kolesznak	<p>Ez egy kolesz. Elneveztem a kutyámat kolesznak.</p><p><span style=""font-size:24px; color:red;"">nem: ""f""</span>&emsp;<span style=""font-size:24px; color:green;"">igen: ""j""</span></p>	<p style=""font-size:48px;"">kolesznak</p>	
krapek	436	39	2.414080597219388	475	de	2.391053740981654	krapek	pl	krapekok	<p>Ez egy krapek. Azok ott krapekok.</p><p><span style=""font-size:24px; color:red;"">nem: ""f""</span>&emsp;<span style=""font-size:24px; color:green;"">igen: ""j""</span></p>	<p style=""font-size:48px;"">krapekok</p>	
krapek	436	39	2.414080597219388	475	de	2.391053740981654	krapek	dat	krapeknak	<p>Ez egy krapek. Elneveztem a kutyámat krapeknak.</p><p><span style=""font-size:24px; color:red;"">nem: ""f""</span>&emsp;<span style=""font-size:24px; color:green;"">igen: ""j""</span></p>	<p style=""font-size:48px;"">krapeknak</p>	
pajesz	271	14	2.963061491264442	285	yi	2.8977518651937872	pajes	pl	pajeszok	<p>Ez egy pajesz. Azok ott pajeszok.</p><p><span style=""font-size:24px; color:red;"">nem: ""f""</span>&emsp;<span style=""font-size:24px; color:green;"">igen: ""j""</span></p>	<p style=""font-size:48px;"">pajeszok</p>	
pajesz	271	14	2.963061491264442	285	yi	2.8977518651937872	pajes	dat	pajesznak	<p>Ez egy pajesz. Elneveztem a kutyámat pajesznak.</p><p><span style=""font-size:24px; color:red;"">nem: ""f""</span>&emsp;<span style=""font-size:24px; color:green;"">igen: ""j""</span></p>	<p style=""font-size:48px;"">pajesznak</p>	
balek	5215	225	3.1431939652304526	5440	yi	3.138951104334203	balek	pl	balekok	<p>Ez egy balek. Azok ott balekok.</p><p><span style=""font-size:24px; color:red;"">nem: ""f""</span>&emsp;<span style=""font-size:24px; color:green;"">igen: ""j""</span></p>	<p style=""font-size:48px;"">balekok</p>	
balek	5215	225	3.1431939652304526	5440	yi	3.138951104334203	balek	dat	baleknak	<p>Ez egy balek. Elneveztem a kutyámat baleknak.</p><p><span style=""font-size:24px; color:red;"">nem: ""f""</span>&emsp;<span style=""font-size:24px; color:green;"">igen: ""j""</span></p>	<p style=""font-size:48px;"">baleknak</p>	
maszek	2084	80	3.260017768199376	2164	yi	3.248074979560463	masek	pl	maszekok	<p>Ez egy maszek. Azok ott maszekok.</p><p><span style=""font-size:24px; color:red;"">nem: ""f""</span>&emsp;<span style=""font-size:24px; color:green;"">igen: ""j""</span></p>	<p style=""font-size:48px;"">maszekok</p>	
maszek	2084	80	3.260017768199376	2164	yi	3.248074979560463	masek	dat	maszeknak	<p>Ez egy maszek. Elneveztem a kutyámat maszeknak.</p><p><span style=""font-size:24px; color:red;"">nem: ""f""</span>&emsp;<span style=""font-size:24px; color:green;"">igen: ""j""</span></p>	<p style=""font-size:48px;"">maszeknak</p>	
fater	5385	190	3.344348517430003	5575	yi	3.339284845324914	fater	pl	faterok	<p>Ez egy fater. Azok ott faterok.</p><p><span style=""font-size:24px; color:red;"">nem: ""f""</span>&emsp;<span style=""font-size:24px; color:green;"">igen: ""j""</span></p>	<p style=""font-size:48px;"">faterok</p>	
fater	5385	190	3.344348517430003	5575	yi	3.339284845324914	fater	dat	faternak	<p>Ez egy fater. Elneveztem a kutyámat faternak.</p><p><span style=""font-size:24px; color:red;"">nem: ""f""</span>&emsp;<span style=""font-size:24px; color:green;"">igen: ""j""</span></p>	<p style=""font-size:48px;"">faternak</p>	
matek	18299	276	4.194200826810537	18575	en	4.190638832642174	matek	pl	matekok	<p>Ez egy matek. Azok ott matekok.</p><p><span style=""font-size:24px; color:red;"">nem: ""f""</span>&emsp;<span style=""font-size:24px; color:green;"">igen: ""j""</span></p>	<p style=""font-size:48px;"">matekok</p>	
matek	18299	276	4.194200826810537	18575	en	4.190638832642174	matek	dat	mateknak	<p>Ez egy matek. Elneveztem a kutyámat mateknak.</p><p><span style=""font-size:24px; color:red;"">nem: ""f""</span>&emsp;<span style=""font-size:24px; color:green;"">igen: ""j""</span></p>	<p style=""font-size:48px;"">mateknak</p>	
haver	71848	634	4.7302591009135595	72482	yi	4.728696974633143	haver	pl	haverok	<p>Ez egy haver. Azok ott haverok.</p><p><span style=""font-size:24px; color:red;"">nem: ""f""</span>&emsp;<span style=""font-size:24px; color:green;"">igen: ""j""</span></p>	<p style=""font-size:48px;"">haverok</p>	
haver	71848	634	4.7302591009135595	72482	yi	4.728696974633143	haver	dat	havernak	<p>Ez egy haver. Elneveztem a kutyámat havernak.</p><p><span style=""font-size:24px; color:red;"">nem: ""f""</span>&emsp;<span style=""font-size:24px; color:green;"">igen: ""j""</span></p>	<p style=""font-size:48px;"">havernak</p>	
